[{
    "_id": {
      "$oid": "64a562dd61017bd5a88dba6c"
    },
    "cat": "food",
    "name": "Milk",
    "price": "6",
    "image": "https://cdn.pixabay.com/photo/2017/07/05/15/41/milk-2474993_150.jpg"
  },
  {
    "_id": {
      "$oid": "64a562dd61017bd5a88dba6d"
    },
    "cat": "food",
    "name": "Bread",
    "price": "8",
    "image": "https://cdn.pixabay.com/photo/2014/07/22/09/59/bread-399286_150.jpg"
  },
  {
    "_id": {
      "$oid": "64a562dd61017bd5a88dba6e"
    },
    "cat": "food",
    "name": "Eggs",
    "price": "12",
    "image": "https://cdn.pixabay.com/photo/2015/09/17/17/19/egg-944495_150.jpg"
  },
  {
    "_id": {
      "$oid": "64a562dd61017bd5a88dba6f"
    },
    "cat": "clothing",
    "name": "Coat",
    "price": "120",
    "image": "https://cdn.pixabay.com/photo/2015/05/29/19/19/person-789663_150.jpg"
  },
  {
    "_id": {
      "$oid": "64a562dd61017bd5a88dba70"
    },
    "cat": "clothing",
    "name": "Dress",
    "price": "4000",
    "image": "https://cdn.pixabay.com/photo/2016/06/29/04/17/wedding-dresses-1485984_150.jpg"
  },
  {
    "_id": {
      "$oid": "64a562dd61017bd5a88dba71"
    },
    "cat": "clothing",
    "name": "Shirt",
    "price": "70",
    "image": "https://cdn.pixabay.com/photo/2014/08/05/10/31/waiting-410328_150.jpg"
  },
  {
    "_id": {
      "$oid": "64a562dd61017bd5a88dba72"
    },
    "cat": "animals",
    "name": "Dog food",
    "price": "70",
    "image": "https://cdn.pixabay.com/photo/2017/04/07/10/53/dog-2210717_150.jpg"
  },
  {
    "_id": {
      "$oid": "64a562dd61017bd5a88dba73"
    },
    "cat": "animals",
    "name": "Cat toy",
    "price": "50",
    "image": "https://cdn.pixabay.com/photo/2018/07/21/09/17/cat-3552143_150.jpg"
  },
  {
    "_id": {
      "$oid": "64a5c90e4536386af96ba00b"
    },
    "cat": "food",
    "image": "",
    "name": "Bamba",
    "price": 99
  },
  {
    "_id": {
      "$oid": "64a7c28e45f42454239b014d"
    },
    "cat": "food",
    "name": "Shoko222",
    "price": "6",
    "image": ""
  },
  {
    "_id": {
      "$oid": "64a7c2acddae1fc5956fc472"
    },
    "cat": "food",
    "name": "Shoko222",
    "price": "6"
  },
  {
    "_id": {
      "$oid": "64a7c2b2ddae1fc5956fc473"
    },
    "cat": "food",
    "name": "Shoko222",
    "price": "6",
    "image": ""
  }]