

[{
  "_id": {
    "$oid": "625557af918ff2e770cd7a7c"
  },
  "name": "Burningman",
  "info": "Burning Man is an event focused on community, art, self-expression, and self-reliance held annually in the western United States.\nGuided by the values expressed by the 10 Principles, Burning Man is a global ecosystem of artists, makers, and community organizers who co-create art, events, and local initiatives around the world. Most recognizably, tens of thousands of Burners gather annually to build Black Rock City, a participative temporary metropolis in the Nevada desert.\n\n",
  "img_url": "https://images.pexels.com/photos/60726/pexels-photo-60726.jpeg?auto=compress&cs=tinysrgb&w=1260&h=750&dpr=1",
  "location": "Rock City in northwestern Nevada ,USA",
  "date_from": "2022-08-28",
  "price": 1400,
  "category_short_id": 233,
  "created_at": {
    "$date": {
      "$numberLong": "1649760171455"
    }
  },
  "time": "23:00",
  "status": "active",
  "user_id": "62496a67d788415c9139c264",
  "short_id": 546178,
  "__v": 0,
  "date_to": "2022-09-05",
  "link": ""
},{
  "_id": {
    "$oid": "625571fe0e91f115160969d6"
  },
  "name": "Bellagio",
  "info": "Located on the Las Vegas Strip, behind the famous Bellagio Fountains, the luxurious Bellagio Hotel.\nBellagio's restaurants offer everything - from AAA Five Diamond and Forbes Five Star rated restaurants to casual dining. Several of the world's finest chefs and restauranteurs have been invited to bring their invaluable expertise to be part of Bellagio.\n\n",
  "img_url": "https://images.pexels.com/photos/11376734/pexels-photo-11376734.jpeg?auto=compress&cs=tinysrgb&w=1260&h=750&dpr=1",
  "location": "Las Vegas",
  "date_from": "2022-07-20",
  "date_to": "2022-07-30",
  "price": 1250,
  "category_short_id": 206,
  "created_at": {
    "$date": {
      "$numberLong": "1649761733649"
    }
  },
  "link": "https://www.guestreservations.com/bellagio-las-vegas/booking?gclid=Cj0KCQjwxtSSBhDYARIsAEn0thSiB-nVDkOMmcXeyBQTGlvrpvqrNaueZ2Cbqq8l5WICDUwEbeYPihEaAh_fEALw_wcB",
  "time": "12:00",
  "status": "active",
  "user_id": "62496a67d788415c9139c264",
  "short_id": 887866,
  "__v": 0
},{
  "_id": {
    "$oid": "62666671b617af3c188ba6b6"
  },
  "name": "Euroleague",
  "info": "game of maccabi tel aviv of 2023\nFor the first time in three years, fans will have the chance to return to European basketball's greatest event when tickets for the 2022 Turkish Airlines EuroLeague Final Four at Stark Arena in Belgrade go on sale at 12.00 CET on March 16.\n\n",
  "img_url": "https://images.pexels.com/photos/1752757/pexels-photo-1752757.jpeg?auto=compress&cs=tinysrgb&w=1260&h=750&dpr=1",
  "location": "Tel Aviv",
  "date_from": "2023-10-06",
  "date_to": "2023-10-24",
  "price": 300,
  "category_short_id": 372,
  "created_at": {
    "$date": {
      "$numberLong": "1650876704595"
    }
  },
  "link": "",
  "time": "19:00",
  "status": "active",
  "user_id": "62496a67d788415c9139c264",
  "short_id": 454894,
  "__v": 0
},{
  "_id": {
    "$oid": "626666e9b617af3c188ba6bc"
  },
  "name": "Omer Adam",
  "info": "omer adam ticket in cesarea\nCaesarea may be the most magical place in Israel for a concert, but if you’ve REALLY made it big…like, Rolling Stones big? Well, when you come to Israel, you perform at Park Hayarkon in Tel Aviv. And that’s exactly where Omer Adam will be on July 17th, playing the biggest show of his career. A teaser video shows Omer cutting the grass at the park to get ready.\n\n",
  "img_url": "https://images.pexels.com/photos/1047442/pexels-photo-1047442.jpeg?auto=compress&cs=tinysrgb&w=1260&h=750&dpr=1",
  "location": "Cesarea",
  "date_from": "2023-04-27",
  "date_to": "",
  "price": 185,
  "category_short_id": 229,
  "created_at": {
    "$date": {
      "$numberLong": "1650876704595"
    }
  },
  "link": "",
  "time": "21:00",
  "status": "active",
  "user_id": "62496a67d788415c9139c264",
  "short_id": 187602,
  "__v": 0
},{
  "_id": {
    "$oid": "62666756b617af3c188ba6c2"
  },
  "name": "First game worldCup 2022",
  "info": "The 2022 World Cup in Qatar kicks off on Monday November 21 at the Al Thumama Stadium when Senegal take on the Netherlands in Group A followed by hosts Qatar against Ecuador at the Al Bayt Stadium.\n",
  "img_url": "https://images.pexels.com/photos/47730/the-ball-stadion-football-the-pitch-47730.jpeg?auto=compress&cs=tinysrgb&w=1260&h=750&dpr=1",
  "location": "Qatar",
  "date_from": "2022-10-27",
  "date_to": "",
  "price": 500,
  "category_short_id": 372,
  "created_at": {
    "$date": {
      "$numberLong": "1650876704595"
    }
  },
  "link": "",
  "time": "19:00",
  "status": "active",
  "user_id": "62496a67d788415c9139c264",
  "short_id": 735175,
  "__v": 0
},{
  "_id": {
    "$oid": "62666803b617af3c188ba6c8"
  },
  "name": "Rip Curl Pro Playa Grande",
  "info": "The WSL is a global organization, headquartered in Santa Monica and with regional offices in North America, Latin America, Asia Pacific, and EMEA. The WSL possesses a deep appreciation for the sport's rich heritage while promoting progression, innovation, and performance at the highest levels.\n\n",
  "img_url": "https://images.pexels.com/photos/6623875/pexels-photo-6623875.jpeg?auto=compress&cs=tinysrgb&w=1260&h=750&dpr=1",
  "location": "Argentina",
  "date_from": "2022-07-04",
  "date_to": "2022-07-10",
  "price": 308,
  "category_short_id": 372,
  "created_at": {
    "$date": {
      "$numberLong": "1650876704595"
    }
  },
  "link": "",
  "time": "19:00",
  "status": "active",
  "user_id": "62496a67d788415c9139c264",
  "short_id": 933867,
  "__v": 0
},{
  "_id": {
    "$oid": "626fbfd764f2e04190858648"
  },
  "name": "Six Flags",
  "info": "Six Flags Entertainment Corporation, more commonly known as Six Flags or as Six Flags Theme Parks, is an American amusement park corporation, headquartered in Arlington, Texas. It has properties in Canada, Mexico, and the United States. Six Flags owns the most theme parks and waterparks combined for an amusement park company and has the seventh-highest attendance in the world.",
  "img_url": "https://www.kxan.com/wp-content/uploads/sites/40/2021/08/SFFT_Cliffhanger05_11x17_150dpi.jpg",
  "location": "US, new jersey",
  "date_from": "2022-09-10",
  "date_to": "",
  "price": 250,
  "category_short_id": 233,
  "created_at": {
    "$date": {
      "$numberLong": "1651488092520"
    }
  },
  "link": "",
  "time": "10:00",
  "status": "active",
  "user_id": "62496a67d788415c9139c264",
  "short_id": 855119,
  "__v": 0
},{
  "_id": {
    "$oid": "626fc0ce64f2e04190858665"
  },
  "name": "Universal Studios Hollywood",
  "info": "Universal Studios Hollywood is a film studio and theme park in the San Fernando Valley area of Los Angeles County, California. About 70% of the studio lies within the unincorporated county island known as Universal City while the rest lies within the city limits of Los Angeles, California. It is one of the oldest and most famous Hollywood film studios still in use. Its official marketing headline is \"The Entertainment Capital of LA.\n\n",
  "img_url": "https://encrypted-tbn0.gstatic.com/images?q=tbn:ANd9GcRMxIyi6IXrP4Y0T_O-AhY83xfpjZBb3sLrSg&usqp=CAU",
  "location": "US, LA ,Hollywood",
  "date_from": "2022-05-18",
  "date_to": "2022-06-16",
  "price": 350,
  "category_short_id": 233,
  "created_at": {
    "$date": {
      "$numberLong": "1651488092520"
    }
  },
  "link": "",
  "time": "19:00",
  "status": "active",
  "user_id": "62496a67d788415c9139c264",
  "short_id": 861083,
  "__v": 0
},{
  "_id": {
    "$oid": "626fc18a64f2e0419085868e"
  },
  "name": "Walt Disney World",
  "info": "The Walt Disney World Resort, also called Walt Disney World or Disney World, is an entertainment resort complex in Bay Lake and Lake Buena Vista, Florida, United States, near the cities of Orlando and Kissimmee. Opened on October 1, 1971, the resort is operated by Disney Parks, Experiences and Products, a division of The Walt Disney Company. ",
  "img_url": "https://s.hdnux.com/photos/01/24/24/16/22102937/3/ratio3x2_1800.jpg",
  "location": "US, Orlando",
  "date_from": "2022-10-09",
  "date_to": "",
  "price": 420,
  "category_short_id": 233,
  "created_at": {
    "$date": {
      "$numberLong": "1651488092520"
    }
  },
  "link": "",
  "time": "11:00",
  "status": "active",
  "user_id": "62496a67d788415c9139c264",
  "short_id": 146832,
  "__v": 0
},{
  "_id": {
    "$oid": "626fc26664f2e041908586ab"
  },
  "name": "Suring In maldives",
  "info": "The Maldives are a true surf holiday destination, and its resorts take the word \"paradise\" to a whole new level. Luxurious resorts co-exist with breathtaking tropical landscapes and are surrounded by the ever graceful azure Indian Ocean and white sandy beaches. Waking up in suites that are built over water or in an all- your heart-desires bungalow with private beach access - the choice is yours. ",
  "img_url": "https://www.worldsurfaris.com/sites/default/files/styles/hero-small/public/Hudhuranfushi%20Surf%20resort%20Maldives%20%284%29_0.jpg?itok=m8wqDvLY&timestamp=1553002724",
  "location": "Maldives , Lohis",
  "date_from": "2022-05-18",
  "date_to": "2022-06-23",
  "price": 1260,
  "category_short_id": 488,
  "created_at": {
    "$date": {
      "$numberLong": "1651488092520"
    }
  },
  "link": "",
  "time": "19:00",
  "status": "active",
  "user_id": "62496a67d788415c9139c264",
  "short_id": 619804,
  "__v": 0
},{
  "_id": {
    "$oid": "626fc39964f2e041908586bd"
  },
  "name": "TLV - MELBOURNE",
  "info": "Direct flight from Israel to Australia taking off from Tel Aviv and landing in Melbourne The flight time is about 24 hours to the destination with an excellent flight crew and 747 aircraft",
  "img_url": "https://www.state.gov/wp-content/uploads/2022/02/shutterstock_1025960785-2560x1300.jpg",
  "location": "ISR - AUSTRALIA",
  "date_from": "2022-05-17",
  "date_to": "2022-05-25",
  "price": 1200,
  "category_short_id": 101,
  "created_at": {
    "$date": {
      "$numberLong": "1651488092520"
    }
  },
  "link": "",
  "time": "06:00",
  "status": "active",
  "user_id": "62496a67d788415c9139c264",
  "short_id": 584176,
  "__v": 0
},{
  "_id": {
    "$oid": "626fc43864f2e041908586dc"
  },
  "name": "TLV - LA",
  "info": "Direct flight from Israel to the United States, which takes off from Tel Aviv and lands in Los Angeles. The flight time is about 15 hours to the destination with an excellent team of flight attendants and a 777 aircraft.",
  "img_url": "https://cms.finnair.com/resource/blob/1397920/c4410bf39d8838d7285bc25be6d4183b/lax-main-data.jpg",
  "location": "ISR - USA",
  "date_from": "2022-05-11",
  "date_to": "2022-05-24",
  "price": 850,
  "category_short_id": 101,
  "created_at": {
    "$date": {
      "$numberLong": "1651488092520"
    }
  },
  "link": "",
  "time": "21:00",
  "status": "active",
  "user_id": "62496a67d788415c9139c264",
  "short_id": 79357,
  "__v": 0
},{
  "_id": {
    "$oid": "626fc57364f2e04190858725"
  },
  "name": "Guns N Roses",
  "info": "Guns N' Roses[a] is an American hard rock band from Los Angeles, California, formed in 1985. When they signed to Geffen Records in 1986, the band comprised vocalist Axl Rose, lead guitarist Slash, rhythm guitarist Izzy Stradlin, bassist Duff McKagan, and drummer Steven Adler. \n\n",
  "img_url": "https://encrypted-tbn0.gstatic.com/images?q=tbn:ANd9GcS9HQ-Fuoc62Ex1KNiyxl2ZSnVkCAyXL797AA&usqp=CAU",
  "location": "USA, NY",
  "date_from": "2022-09-10",
  "date_to": "",
  "price": 120,
  "category_short_id": 229,
  "created_at": {
    "$date": {
      "$numberLong": "1651488092520"
    }
  },
  "link": "",
  "time": "21:00",
  "status": "active",
  "user_id": "62496a67d788415c9139c264",
  "short_id": 594017,
  "__v": 0
},{
  "_id": {
    "$oid": "626feeda64f2e041908589c6"
  },
  "name": "Discover Sri Lanka",
  "info": "Sri Lanka, is an island country in South Asia. It lies in the Indian Ocean, southwest of the Bay of Bengal, and southeast of the Arabian Sea; it is separated from the Indian subcontinent by the Gulf of Mannar and the Palk Strait. Sri Lanka shares a maritime border with India and the Maldives. Sri Jayawardenepura Kotte is its legislative capital, and Colombo is its largest city and financial centre.\n\n",
  "img_url": "https://encrypted-tbn0.gstatic.com/images?q=tbn:ANd9GcQqMrxEdm6AUZrjT-7qc0B23afig8BkVzzYFg&usqp=CAU",
  "location": "Sri Lanka",
  "date_from": "2022-05-26",
  "date_to": "2022-06-28",
  "price": 3200,
  "category_short_id": 488,
  "created_at": {
    "$date": {
      "$numberLong": "1651488092520"
    }
  },
  "link": "",
  "time": "19:00",
  "status": "active",
  "user_id": "62496a67d788415c9139c264",
  "short_id": 432990,
  "__v": 0
},{
  "_id": {
    "$oid": "62700e8c64f2e04190858a4d"
  },
  "name": "Justin Biber in London",
  "info": "In light of the current public health crisis, Justin Bieber announces his rescheduled 2021 World Tour dates below. The 45-date tour has been rerouted and the tour production has been redesigned and will no longer be stopping in stadiums or all markets. 19 new arena dates have been added. Kehlani and Jaden Smith who were originally scheduled to support the tour will not be appearing on the new dates as new support will be added at a later date.\n\n",
  "img_url": "https://www.highlandernews.org/wp-content/uploads/radar.JustinBieber.LouStejskalCC2.0Flickr.jpg",
  "location": "UK ,London",
  "date_from": "2023-03-12",
  "date_to": "",
  "price": 230,
  "category_short_id": 229,
  "created_at": {
    "$date": {
      "$numberLong": "1651488092520"
    }
  },
  "link": "",
  "time": "19:00",
  "status": "active",
  "user_id": "62496a67d788415c9139c264",
  "short_id": 600370,
  "__v": 0
}]